MMSI,BaseDateTime,LAT,LON,SOG,COG
TEST001,2024-01-01T00:00:00,12.50,80.30,2.1,185
TEST001,2024-01-01T00:10:00,12.51,80.31,2.0,180
TEST001,2024-01-01T00:20:00,12.50,80.32,1.9,190
TEST001,2024-01-01T00:30:00,12.49,80.31,2.2,175
TEST002,2024-01-01T00:00:00,13.02,79.90,1.8,210
TEST002,2024-01-01T00:10:00,13.03,79.91,1.7,205
TEST002,2024-01-01T00:20:00,13.02,79.92,1.9,215
TEST003,2024-01-01T00:00:00,11.70,80.70,3.2,160
TEST003,2024-01-01T00:10:00,11.72,80.72,3.5,150
TEST003,2024-01-01T00:20:00,11.69,80.74,2.9,170
TEST004,2024-01-01T00:00:00,12.00,80.00,12.3,10
TEST004,2024-01-01T00:10:00,12.08,80.02,12.5,12
TEST004,2024-01-01T00:20:00,12.16,80.04,12.1,11
TEST005,2024-01-01T00:00:00,13.70,80.20,10.8,350
TEST005,2024-01-01T00:10:00,13.78,80.18,11.0,348
TEST006,2024-01-01T00:00:00,11.30,79.70,9.5,90
TEST006,2024-01-01T00:10:00,11.31,79.78,9.6,88
